<?xml version="1.0" encoding="UTF-8"?>
<GenRun Id="impl_1" LaunchPart="xc7a35tcpg236-1" LaunchTime="1702117391">
  <File Type="ROUTE-PWR" Name="stage_1_power_routed.rpt"/>
  <File Type="PA-TCL" Name="stage_1.tcl"/>
  <File Type="ROUTE-PWR-SUM" Name="stage_1_power_summary_routed.pb"/>
  <File Type="REPORTS-TCL" Name="stage_1_reports.tcl"/>
  <File Type="OPT-RQA-PB" Name="stage_1_rqa_opted.pb"/>
  <File Type="BITSTR-MMI" Name="stage_1.mmi"/>
  <File Type="OPT-METHODOLOGY-DRC" Name="stage_1_methodology_drc_opted.rpt"/>
  <File Type="INIT-TIMING" Name="stage_1_timing_summary_init.rpt"/>
  <File Type="OPT-TIMING" Name="stage_1_timing_summary_opted.rpt"/>
  <File Type="OPT-DCP" Name="stage_1_opt.dcp"/>
  <File Type="OPT-DRC" Name="stage_1_drc_opted.rpt"/>
  <File Type="OPT-HWDEF" Name="stage_1.hwdef"/>
  <File Type="PWROPT-DCP" Name="stage_1_pwropt.dcp"/>
  <File Type="PWROPT-DRC" Name="stage_1_drc_pwropted.rpt"/>
  <File Type="PWROPT-TIMING" Name="stage_1_timing_summary_pwropted.rpt"/>
  <File Type="PLACE-DCP" Name="stage_1_placed.dcp"/>
  <File Type="PLACE-IO" Name="stage_1_io_placed.rpt"/>
  <File Type="PLACE-CLK" Name="stage_1_clock_utilization_placed.rpt"/>
  <File Type="PLACE-UTIL" Name="stage_1_utilization_placed.rpt"/>
  <File Type="PLACE-UTIL-PB" Name="stage_1_utilization_placed.pb"/>
  <File Type="PLACE-CTRL" Name="stage_1_control_sets_placed.rpt"/>
  <File Type="PLACE-SIMILARITY" Name="stage_1_incremental_reuse_placed.rpt"/>
  <File Type="PLACE-PRE-SIMILARITY" Name="stage_1_incremental_reuse_pre_placed.rpt"/>
  <File Type="BG-BIN" Name="stage_1.bin"/>
  <File Type="PLACE-TIMING" Name="stage_1_timing_summary_placed.rpt"/>
  <File Type="ROUTE-PWR-RPX" Name="stage_1_power_routed.rpx"/>
  <File Type="PLACE-RQA-PB" Name="stage_1_rqa_placed.pb"/>
  <File Type="POSTPLACE-PWROPT-DCP" Name="stage_1_postplace_pwropt.dcp"/>
  <File Type="BITSTR-MSK" Name="stage_1.msk"/>
  <File Type="POSTPLACE-PWROPT-TIMING" Name="stage_1_timing_summary_postplace_pwropted.rpt"/>
  <File Type="PHYSOPT-DCP" Name="stage_1_physopt.dcp"/>
  <File Type="PHYSOPT-DRC" Name="stage_1_drc_physopted.rpt"/>
  <File Type="BITSTR-RBT" Name="stage_1.rbt"/>
  <File Type="PHYSOPT-TIMING" Name="stage_1_timing_summary_physopted.rpt"/>
  <File Type="ROUTE-ERROR-DCP" Name="stage_1_routed_error.dcp"/>
  <File Type="ROUTE-DCP" Name="stage_1_routed.dcp"/>
  <File Type="ROUTE-BLACKBOX-DCP" Name="stage_1_routed_bb.dcp"/>
  <File Type="ROUTE-DRC" Name="stage_1_drc_routed.rpt"/>
  <File Type="ROUTE-DRC-PB" Name="stage_1_drc_routed.pb"/>
  <File Type="ROUTE-DRC-RPX" Name="stage_1_drc_routed.rpx"/>
  <File Type="ROUTE-METHODOLOGY-DRC" Name="stage_1_methodology_drc_routed.rpt"/>
  <File Type="ROUTE-METHODOLOGY-DRC-RPX" Name="stage_1_methodology_drc_routed.rpx"/>
  <File Type="ROUTE-METHODOLOGY-DRC-PB" Name="stage_1_methodology_drc_routed.pb"/>
  <File Type="ROUTE-RQS-PB" Name="stage_1_rqs_routed.pb"/>
  <File Type="ROUTE-STATUS" Name="stage_1_route_status.rpt"/>
  <File Type="ROUTE-STATUS-PB" Name="stage_1_route_status.pb"/>
  <File Type="ROUTE-TIMINGSUMMARY" Name="stage_1_timing_summary_routed.rpt"/>
  <File Type="ROUTE-TIMING-PB" Name="stage_1_timing_summary_routed.pb"/>
  <File Type="ROUTE-TIMING-RPX" Name="stage_1_timing_summary_routed.rpx"/>
  <File Type="ROUTE-SIMILARITY" Name="stage_1_incremental_reuse_routed.rpt"/>
  <File Type="ROUTE-CLK" Name="stage_1_clock_utilization_routed.rpt"/>
  <File Type="ROUTE-BUS-SKEW" Name="stage_1_bus_skew_routed.rpt"/>
  <File Type="ROUTE-BUS-SKEW-PB" Name="stage_1_bus_skew_routed.pb"/>
  <File Type="ROUTE-BUS-SKEW-RPX" Name="stage_1_bus_skew_routed.rpx"/>
  <File Type="POSTROUTE-PHYSOPT-DCP" Name="stage_1_postroute_physopt.dcp"/>
  <File Type="POSTROUTE-PHYSOPT-BLACKBOX-DCP" Name="stage_1_postroute_physopt_bb.dcp"/>
  <File Type="POSTROUTE-PHYSOPT-TIMING" Name="stage_1_timing_summary_postroute_physopted.rpt"/>
  <File Type="POSTROUTE-PHYSOPT-TIMING-PB" Name="stage_1_timing_summary_postroute_physopted.pb"/>
  <File Type="POSTROUTE-PHYSOPT-TIMING-RPX" Name="stage_1_timing_summary_postroute_physopted.rpx"/>
  <File Type="POSTROUTE-PHYSOPT-BUS-SKEW" Name="stage_1_bus_skew_postroute_physopted.rpt"/>
  <File Type="BG-BIT" Name="stage_1.bit"/>
  <File Type="POSTROUTE-PHYSOPT-BUS-SKEW-PB" Name="stage_1_bus_skew_postroute_physopted.pb"/>
  <File Type="POSTROUTE-PHYSOPT-BUS-SKEW-RPX" Name="stage_1_bus_skew_postroute_physopted.rpx"/>
  <File Type="BITSTR-NKY" Name="stage_1.nky"/>
  <File Type="BITSTR-BMM" Name="stage_1_bd.bmm"/>
  <File Type="PDI-FILE" Name="stage_1.pdi"/>
  <File Type="BOOT-PDI-FILE" Name="stage_1_soc.pdi"/>
  <File Type="PL-PDI-FILE" Name="stage_1_pld.pdi"/>
  <File Type="RCFI_FILE" Name="stage_1.rcfi"/>
  <File Type="CFI_FILE" Name="stage_1.cfi"/>
  <File Type="RNPI_FILE" Name="stage_1.rnpi"/>
  <File Type="NPI_FILE" Name="stage_1.npi"/>
  <File Type="RBD_FILE" Name="stage_1.rbd"/>
  <File Type="BITSTR-LTX" Name="debug_nets.ltx"/>
  <File Type="BITSTR-LTX" Name="stage_1.ltx"/>
  <File Type="BITSTR-SYSDEF" Name="stage_1.sysdef"/>
  <File Type="BG-BGN" Name="stage_1.bgn"/>
  <File Type="BG-DRC" Name="stage_1.drc"/>
  <File Type="RDI-RDI" Name="stage_1.vdi"/>
  <File Type="WBT-USG" Name="usage_statistics_webtalk.html"/>
  <File Type="ROUTE-RQS" Name="stage_1_routed.rqs"/>
  <File Type="POSTROUTE-PHYSOPT-RQS" Name="stage_1_postroute_physopted.rqs"/>
  <File Type="ROUTE-RQS-RPT" Name="route_report_qor_suggestions_0.rpt"/>
  <File Type="POSTROUTE-PHYSOPT-RQS-RPT" Name="postroute_physopt_report_qor_suggestions_0.rpt"/>
  <FileSet Name="sources" Type="DesignSrcs" RelSrcDir="$PSRCDIR/sources_1" RelGenDir="$PGENDIR/sources_1">
    <Filter Type="Srcs"/>
    <File Path="$PSRCDIR/sources_1/new/clock_generator.sv">
      <FileInfo>
        <Attr Name="UsedIn" Val="synthesis"/>
        <Attr Name="UsedIn" Val="implementation"/>
        <Attr Name="UsedIn" Val="simulation"/>
      </FileInfo>
    </File>
    <File Path="$PSRCDIR/sources_1/new/mux4.sv">
      <FileInfo>
        <Attr Name="UsedIn" Val="synthesis"/>
        <Attr Name="UsedIn" Val="implementation"/>
        <Attr Name="UsedIn" Val="simulation"/>
      </FileInfo>
    </File>
    <File Path="$PSRCDIR/sources_1/new/register.sv">
      <FileInfo>
        <Attr Name="UsedIn" Val="synthesis"/>
        <Attr Name="UsedIn" Val="implementation"/>
        <Attr Name="UsedIn" Val="simulation"/>
      </FileInfo>
    </File>
    <File Path="$PSRCDIR/sources_1/new/shr.sv">
      <FileInfo>
        <Attr Name="UsedIn" Val="synthesis"/>
        <Attr Name="UsedIn" Val="implementation"/>
        <Attr Name="UsedIn" Val="simulation"/>
      </FileInfo>
    </File>
    <File Path="$PSRCDIR/sources_1/new/uartRX.sv">
      <FileInfo>
        <Attr Name="UsedIn" Val="synthesis"/>
        <Attr Name="UsedIn" Val="implementation"/>
        <Attr Name="UsedIn" Val="simulation"/>
      </FileInfo>
    </File>
    <File Path="$PSRCDIR/sources_1/new/uartTX.sv">
      <FileInfo>
        <Attr Name="UsedIn" Val="synthesis"/>
        <Attr Name="UsedIn" Val="implementation"/>
        <Attr Name="UsedIn" Val="simulation"/>
      </FileInfo>
    </File>
    <File Path="$PSRCDIR/sources_1/new/upCounter.sv">
      <FileInfo>
        <Attr Name="UsedIn" Val="synthesis"/>
        <Attr Name="UsedIn" Val="implementation"/>
        <Attr Name="UsedIn" Val="simulation"/>
      </FileInfo>
    </File>
    <File Path="$PSRCDIR/sources_1/new/stage_1.sv">
      <FileInfo>
        <Attr Name="UsedIn" Val="synthesis"/>
        <Attr Name="UsedIn" Val="implementation"/>
        <Attr Name="UsedIn" Val="simulation"/>
      </FileInfo>
    </File>
    <File Path="$PSRCDIR/sources_1/new/button_debouncer.sv">
      <FileInfo>
        <Attr Name="AutoDisabled" Val="1"/>
        <Attr Name="UsedIn" Val="synthesis"/>
        <Attr Name="UsedIn" Val="implementation"/>
        <Attr Name="UsedIn" Val="simulation"/>
      </FileInfo>
    </File>
    <Config>
      <Option Name="DesignMode" Val="RTL"/>
      <Option Name="TopModule" Val="stage_1"/>
    </Config>
  </FileSet>
  <FileSet Name="constrs_in" Type="Constrs" RelSrcDir="$PSRCDIR/constrs_1" RelGenDir="$PGENDIR/constrs_1">
    <Filter Type="Constrs"/>
    <File Path="$PPRDIR/../../../../../Downloads/Basys3.xdc">
      <FileInfo>
        <Attr Name="UsedIn" Val="synthesis"/>
        <Attr Name="UsedIn" Val="implementation"/>
      </FileInfo>
    </File>
    <Config>
      <Option Name="TargetConstrsFile" Val="$PPRDIR/../../../../../Downloads/Basys3.xdc"/>
      <Option Name="ConstrsType" Val="XDC"/>
    </Config>
  </FileSet>
  <FileSet Name="utils" Type="Utils" RelSrcDir="$PSRCDIR/utils_1" RelGenDir="$PGENDIR/utils_1">
    <Filter Type="Utils"/>
    <File Path="$PSRCDIR/utils_1/imports/synth_1/stage_1.dcp">
      <FileInfo>
        <Attr Name="UsedIn" Val="synthesis"/>
        <Attr Name="UsedIn" Val="implementation"/>
        <Attr Name="UsedInSteps" Val="synth_1"/>
        <Attr Name="AutoDcp" Val="1"/>
      </FileInfo>
    </File>
    <Config>
      <Option Name="TopAutoSet" Val="TRUE"/>
    </Config>
  </FileSet>
  <Strategy Version="1" Minor="2">
    <StratHandle Name="Vivado Implementation Defaults" Flow="Vivado Implementation 2023"/>
    <Step Id="init_design"/>
    <Step Id="opt_design"/>
    <Step Id="power_opt_design"/>
    <Step Id="place_design"/>
    <Step Id="post_place_power_opt_design"/>
    <Step Id="phys_opt_design"/>
    <Step Id="route_design"/>
    <Step Id="post_route_phys_opt_design"/>
    <Step Id="write_bitstream"/>
  </Strategy>
</GenRun>
